{
  "Total" : {
    "transaction" : "Total",
    "sampleCount" : 40,
    "errorCount" : 0,
    "errorPct" : 0.0,
    "meanResTime" : 1532.7250000000001,
    "medianResTime" : 1314.0,
    "minResTime" : 8.0,
    "maxResTime" : 4649.0,
    "pct1ResTime" : 3808.7999999999997,
    "pct2ResTime" : 4324.149999999998,
    "pct3ResTime" : 4649.0,
    "throughput" : 0.06109220646722098,
    "receivedKBytesPerSec" : 17.6743810214006,
    "sentKBytesPerSec" : 0.0
  },
  "SQLServer SELECT Request" : {
    "transaction" : "SQLServer SELECT Request",
    "sampleCount" : 40,
    "errorCount" : 0,
    "errorPct" : 0.0,
    "meanResTime" : 1532.7250000000001,
    "medianResTime" : 1314.0,
    "minResTime" : 8.0,
    "maxResTime" : 4649.0,
    "pct1ResTime" : 3808.7999999999997,
    "pct2ResTime" : 4324.149999999998,
    "pct3ResTime" : 4649.0,
    "throughput" : 0.06109220646722098,
    "receivedKBytesPerSec" : 17.6743810214006,
    "sentKBytesPerSec" : 0.0
  }
}