{
  "Total" : {
    "transaction" : "Total",
    "sampleCount" : 9000,
    "errorCount" : 0,
    "errorPct" : 0.0,
    "meanResTime" : 1613.6820000000002,
    "medianResTime" : 1156.0,
    "minResTime" : 519.0,
    "maxResTime" : 7097.0,
    "pct1ResTime" : 4239.800000000001,
    "pct2ResTime" : 4605.799999999996,
    "pct3ResTime" : 5375.969999999999,
    "throughput" : 2.8765334320303917,
    "receivedKBytesPerSec" : 22.054330947188923,
    "sentKBytesPerSec" : 1.3118565554279227
  },
  "Get Search" : {
    "transaction" : "Get Search",
    "sampleCount" : 9000,
    "errorCount" : 0,
    "errorPct" : 0.0,
    "meanResTime" : 1613.6820000000002,
    "medianResTime" : 1156.0,
    "minResTime" : 519.0,
    "maxResTime" : 7097.0,
    "pct1ResTime" : 4239.800000000001,
    "pct2ResTime" : 4605.799999999996,
    "pct3ResTime" : 5375.969999999999,
    "throughput" : 2.8765334320303917,
    "receivedKBytesPerSec" : 22.054330947188923,
    "sentKBytesPerSec" : 1.3118565554279227
  }
}