{
  "FTP GET Photo" : {
    "transaction" : "FTP GET Photo",
    "sampleCount" : 40,
    "errorCount" : 0,
    "errorPct" : 0.0,
    "meanResTime" : 1242.2000000000003,
    "medianResTime" : 1016.0,
    "minResTime" : 799.0,
    "maxResTime" : 2311.0,
    "pct1ResTime" : 1937.1,
    "pct2ResTime" : 2064.7999999999997,
    "pct3ResTime" : 2311.0,
    "throughput" : 0.05580699708129405,
    "receivedKBytesPerSec" : 1.1007167187997031,
    "sentKBytesPerSec" : 0.0
  },
  "FTP PUT Validation" : {
    "transaction" : "FTP PUT Validation",
    "sampleCount" : 40,
    "errorCount" : 2,
    "errorPct" : 5.0,
    "meanResTime" : 2237.0750000000007,
    "medianResTime" : 2282.0,
    "minResTime" : 1531.0,
    "maxResTime" : 2864.0,
    "pct1ResTime" : 2374.0,
    "pct2ResTime" : 2393.7,
    "pct3ResTime" : 2864.0,
    "throughput" : 0.055280916889287525,
    "receivedKBytesPerSec" : 0.8109856267888559,
    "sentKBytesPerSec" : 0.0
  },
  "Total" : {
    "transaction" : "Total",
    "sampleCount" : 160,
    "errorCount" : 3,
    "errorPct" : 1.875,
    "meanResTime" : 2512.3,
    "medianResTime" : 2010.5,
    "minResTime" : 601.0,
    "maxResTime" : 13555.0,
    "pct1ResTime" : 6564.700000000001,
    "pct2ResTime" : 8432.199999999999,
    "pct3ResTime" : 13193.269999999991,
    "throughput" : 0.2193830400456317,
    "receivedKBytesPerSec" : 1.9080513190062498,
    "sentKBytesPerSec" : 0.8469492217386655
  },
  "FTP GET Text" : {
    "transaction" : "FTP GET Text",
    "sampleCount" : 40,
    "errorCount" : 0,
    "errorPct" : 0.0,
    "meanResTime" : 729.7499999999998,
    "medianResTime" : 738.5,
    "minResTime" : 601.0,
    "maxResTime" : 1001.0,
    "pct1ResTime" : 832.9,
    "pct2ResTime" : 840.75,
    "pct3ResTime" : 1001.0,
    "throughput" : 0.05588684032570851,
    "receivedKBytesPerSec" : 0.02210368196475776,
    "sentKBytesPerSec" : 0.0
  },
  "FTP PUT Photo" : {
    "transaction" : "FTP PUT Photo",
    "sampleCount" : 40,
    "errorCount" : 1,
    "errorPct" : 2.5,
    "meanResTime" : 5840.174999999999,
    "medianResTime" : 4407.5,
    "minResTime" : 1538.0,
    "maxResTime" : 13555.0,
    "pct1ResTime" : 10288.199999999997,
    "pct2ResTime" : 12851.64999999999,
    "pct3ResTime" : 13555.0,
    "throughput" : 0.05513021066631751,
    "receivedKBytesPerSec" : 0.0,
    "sentKBytesPerSec" : 0.8513418176430457
  }
}