{
  "GET All Users" : {
    "transaction" : "GET All Users",
    "sampleCount" : 40,
    "errorCount" : 0,
    "errorPct" : 0.0,
    "meanResTime" : 486.65000000000003,
    "medianResTime" : 358.0,
    "minResTime" : 251.0,
    "maxResTime" : 2447.0,
    "pct1ResTime" : 1041.9999999999995,
    "pct2ResTime" : 1452.3999999999999,
    "pct3ResTime" : 2447.0,
    "throughput" : 0.051684928674798424,
    "receivedKBytesPerSec" : 0.08821643185019123,
    "sentKBytesPerSec" : 0.006410142521190821
  },
  "DELETE User" : {
    "transaction" : "DELETE User",
    "sampleCount" : 40,
    "errorCount" : 0,
    "errorPct" : 0.0,
    "meanResTime" : 256.62499999999994,
    "medianResTime" : 169.0,
    "minResTime" : 138.0,
    "maxResTime" : 1154.0,
    "pct1ResTime" : 536.8999999999999,
    "pct2ResTime" : 1019.4999999999989,
    "pct3ResTime" : 1154.0,
    "throughput" : 0.05161543404708876,
    "receivedKBytesPerSec" : 0.031044868974220673,
    "sentKBytesPerSec" : 0.00866977993759694
  },
  "Total" : {
    "transaction" : "Total",
    "sampleCount" : 200,
    "errorCount" : 0,
    "errorPct" : 0.0,
    "meanResTime" : 274.295,
    "medianResTime" : 179.5,
    "minResTime" : 83.0,
    "maxResTime" : 2447.0,
    "pct1ResTime" : 543.5000000000001,
    "pct2ResTime" : 769.3999999999994,
    "pct3ResTime" : 1452.88,
    "throughput" : 0.2577821199743765,
    "receivedKBytesPerSec" : 0.24020183252475674,
    "sentKBytesPerSec" : 0.04314829625352356
  },
  "PUT User Info" : {
    "transaction" : "PUT User Info",
    "sampleCount" : 40,
    "errorCount" : 0,
    "errorPct" : 0.0,
    "meanResTime" : 221.9,
    "medianResTime" : 170.5,
    "minResTime" : 141.0,
    "maxResTime" : 688.0,
    "pct1ResTime" : 536.5999999999999,
    "pct2ResTime" : 591.8499999999999,
    "pct3ResTime" : 688.0,
    "throughput" : 0.051640955925735144,
    "receivedKBytesPerSec" : 0.03512744907233478,
    "sentKBytesPerSec" : 0.010893014140584757
  },
  "GET Certain User" : {
    "transaction" : "GET Certain User",
    "sampleCount" : 40,
    "errorCount" : 0,
    "errorPct" : 0.0,
    "meanResTime" : 172.32500000000002,
    "medianResTime" : 106.0,
    "minResTime" : 83.0,
    "maxResTime" : 954.0,
    "pct1ResTime" : 385.0999999999997,
    "pct2ResTime" : 709.6499999999993,
    "pct3ResTime" : 954.0,
    "throughput" : 0.051683659823319406,
    "receivedKBytesPerSec" : 0.05043699341937802,
    "sentKBytesPerSec" : 0.006309040505776295
  },
  "POST User" : {
    "transaction" : "POST User",
    "sampleCount" : 40,
    "errorCount" : 0,
    "errorPct" : 0.0,
    "meanResTime" : 233.975,
    "medianResTime" : 176.5,
    "minResTime" : 143.0,
    "maxResTime" : 1249.0,
    "pct1ResTime" : 492.1999999999996,
    "pct2ResTime" : 713.6999999999995,
    "pct3ResTime" : 1249.0,
    "throughput" : 0.051660764424331186,
    "receivedKBytesPerSec" : 0.03588506028811208,
    "sentKBytesPerSec" : 0.010947642461015495
  }
}